{"count":1,"gauges":{},"self":15.2713536,"total":15.9703664,"children":{"AgentResetIfDone":{"count":9966,"self":0.13187269999999998,"total":0.13187269999999998,"children":null},"AgentSendState":{"count":9966,"self":0.1210414,"total":0.29259409999999997,"children":{"CollectObservations":{"count":9957,"self":0.1715527,"total":0.1715527,"children":null}}},"DecideAction":{"count":9966,"self":0.270557,"total":0.270557,"children":null},"AcademyStep":{"count":9,"self":0.00099739999999999985,"total":0.00099739999999999985,"children":null},"AgentAct":{"count":9,"self":0.0009973,"total":0.0009973,"children":null}}}